{
  "fixture": "dolphins",
  "graph": {
    "n": 62,
    "m": 159
  },
  "graspologic_version": "3.4.4",
  "seed": 42,
  "resolution": 1.0,
  "runs": 30,
  "partition": [
    0,
    2,
    0,
    1,
    4,
    2,
    2,
    2,
    1,
    2,
    0,
    4,
    3,
    2,
    3,
    4,
    3,
    2,
    4,
    2,
    3,
    4,
    2,
    4,
    4,
    2,
    2,
    2,
    1,
    4,
    2,
    2,
    2,
    3,
    3,
    4,
    3,
    3,
    3,
    2,
    3,
    2,
    0,
    3,
    3,
    4,
    3,
    0,
    2,
    3,
    3,
    4,
    3,
    0,
    2,
    4,
    2,
    2,
    3,
    1,
    2,
    0
  ],
  "n_communities": 5,
  "all_connected": true,
  "Q_distribution": {
    "median": 0.5188283691309679,
    "p10": 0.5164313120525296,
    "p90": 0.5277283335311103
  },
  "time_ms": {
    "median": 0.26889549999999995,
    "p50": 0.26889549999999995,
    "p90": 0.2790128,
    "p99": 0.44729693000000015
  },
  "produced_at": "2026-04-26T03:29:56+00:00"
}
