{
  "fixture": "football",
  "graph": {
    "n": 115,
    "m": 613
  },
  "graspologic_version": "3.4.4",
  "seed": 42,
  "resolution": 1.0,
  "runs": 30,
  "partition": [
    5,
    2,
    3,
    4,
    5,
    4,
    3,
    6,
    6,
    5,
    4,
    5,
    7,
    3,
    7,
    3,
    5,
    9,
    7,
    1,
    9,
    6,
    6,
    5,
    5,
    2,
    7,
    9,
    5,
    1,
    1,
    7,
    3,
    2,
    7,
    1,
    9,
    2,
    7,
    3,
    4,
    5,
    7,
    7,
    0,
    2,
    8,
    3,
    0,
    8,
    5,
    6,
    4,
    8,
    7,
    1,
    9,
    0,
    9,
    9,
    3,
    7,
    9,
    9,
    3,
    9,
    0,
    8,
    6,
    5,
    9,
    7,
    4,
    8,
    4,
    0,
    9,
    6,
    6,
    1,
    1,
    4,
    1,
    8,
    4,
    7,
    0,
    9,
    8,
    2,
    5,
    0,
    0,
    5,
    1,
    9,
    9,
    9,
    4,
    7,
    3,
    1,
    4,
    2,
    5,
    2,
    3,
    4,
    6,
    2,
    8,
    6,
    0,
    9,
    8
  ],
  "n_communities": 10,
  "all_connected": true,
  "Q_distribution": {
    "median": 0.6043460210927458,
    "p10": 0.602914290428428,
    "p90": 0.6045695626834571
  },
  "time_ms": {
    "median": 0.7643125,
    "p50": 0.7643125,
    "p90": 0.7931458,
    "p99": 0.87368293
  },
  "produced_at": "2026-04-26T03:29:56+00:00"
}
