{
  "fixture": "httpx",
  "graph": {
    "n": 144,
    "m": 330
  },
  "graspologic_version": "3.4.4",
  "seed": 42,
  "resolution": 1.0,
  "runs": 30,
  "partition": [
    0,
    0,
    0,
    0,
    0,
    0,
    0,
    0,
    0,
    0,
    0,
    0,
    0,
    0,
    0,
    0,
    6,
    1,
    1,
    1,
    1,
    1,
    1,
    1,
    1,
    1,
    1,
    1,
    1,
    1,
    1,
    1,
    1,
    1,
    1,
    1,
    1,
    1,
    1,
    1,
    1,
    1,
    1,
    1,
    1,
    1,
    7,
    7,
    7,
    7,
    3,
    3,
    3,
    3,
    3,
    3,
    3,
    3,
    3,
    3,
    3,
    3,
    3,
    3,
    3,
    3,
    3,
    3,
    3,
    3,
    3,
    3,
    3,
    3,
    6,
    7,
    7,
    7,
    7,
    7,
    7,
    7,
    7,
    7,
    7,
    7,
    7,
    7,
    7,
    6,
    6,
    0,
    0,
    0,
    4,
    4,
    4,
    4,
    4,
    4,
    6,
    7,
    7,
    7,
    7,
    7,
    6,
    4,
    4,
    4,
    4,
    4,
    4,
    4,
    2,
    2,
    2,
    5,
    5,
    5,
    5,
    5,
    5,
    5,
    5,
    5,
    5,
    5,
    2,
    2,
    2,
    5,
    5,
    5,
    5,
    6,
    6,
    6,
    6,
    6,
    6,
    6,
    6,
    6
  ],
  "n_communities": 8,
  "all_connected": true,
  "Q_distribution": {
    "median": 0.5068538321066507,
    "p10": 0.4996562555442654,
    "p90": 0.5147900392287579
  },
  "time_ms": {
    "median": 0.514542,
    "p50": 0.514542,
    "p90": 0.5330289,
    "p99": 0.54232325
  },
  "produced_at": "2026-04-26T16:59:41+00:00"
}
