{
  "fixture": "karate",
  "graph": {
    "n": 34,
    "m": 78
  },
  "graspologic_version": "3.4.4",
  "seed": 42,
  "resolution": 1.0,
  "runs": 30,
  "partition": [
    0,
    0,
    0,
    0,
    2,
    2,
    2,
    0,
    1,
    0,
    2,
    0,
    0,
    0,
    1,
    1,
    2,
    0,
    1,
    0,
    1,
    0,
    1,
    3,
    3,
    3,
    1,
    3,
    3,
    1,
    1,
    3,
    1,
    1
  ],
  "n_communities": 4,
  "all_connected": true,
  "Q_distribution": {
    "median": 0.41929651545036156,
    "p10": 0.41880341880341876,
    "p90": 0.41978961209730437
  },
  "time_ms": {
    "median": 0.13064599999999998,
    "p50": 0.13064599999999998,
    "p90": 0.148117,
    "p99": 0.16494714000000002
  },
  "produced_at": "2026-04-26T03:29:56+00:00"
}
